Feature,Current source,Retain,Rebuild in Flutter,Drop,Priority,Target phase,Dependencies,Notes
"Agent Hub 主聊天","route `/`; `src/pages/AgentHub.tsx`; `src/lib/agentApi.ts`","yes","yes","no","P0","Phase 4","Agent stream transport; AG-UI parser; upload; voice; chat persistence","Flutter 侧必须通过 `AgentStreamClient` 抽象，不让 UI 绑定 SSE/WebSocket。"
"AG-UI artifact 渲染","`src/pages/AgentHub.tsx`; `src/pages/agentHub/AgentHubRichTextBlock.tsx`; `src/lib/agUiStreamSideEffects.ts`","yes","yes","no","P0","Phase 4","AG-UI fixtures; artifact renderer registry","需要覆盖 rich text、card、button action、doc/media link、plan/status side effects。"
"Agent 图片上传","`src/lib/agentApi.ts`; `src/lib/http.ts`; `src/pages/AgentHub.tsx`","yes","yes","no","P0","Phase 4","`/v1/files/upload`; multipart; cancel/retry","需要保留上传前预览、失败重试和日志脱敏。"
"Agent 语音输入与播放","`src/lib/focusVoiceTtsPlayback.ts`; `src/lib/chunkedStt`; `src/hooks/useAgentHubSpeechInput.test.tsx`","yes","yes","no","P0","Phase 4","microphone permission; realtime voice; TTS/STT","文本 Agent stream 与实时语音 transport 分开设计。"
"通知语音播放","`src/App.tsx`; `src/lib/agentNotificationVoice.ts`; `src/lib/agentVoicePlaybackCoordinator.ts`","yes","yes","no","P1","Phase 4","notification route intent; TTS; user interruption","通知语音不能覆盖用户主动语音播放状态。"
"Device management","route `/device`; `src/pages/DeviceManagement.tsx`; `src/components/device/*`; `src/lib/deviceStore.ts`","yes","yes","no","P0","Phase 3","BLE plugin; device store; permission flow","左右设备必须显式建模，debug drawer 仅 internal/dev 保留。"
"Device manage actions","route `/device/manage`; `src/pages/DeviceManageActions.tsx`","yes","yes","no","P1","Phase 3","Device repository; BLE state","随 Device module 迁移。"
"Debug user/device settings","route `/device/user`; `src/pages/UserParameterConfig.tsx`; `src/lib/debugUserConfig.ts`","tbd","tbd","tbd","P2","Phase 6","QA/dev policy; multi-user storage","只保留对测试有价值的能力，不能暴露到正式环境。"
"Comfort calibration","route `/calibration`; `src/pages/ComfortCalibration.tsx`; `src/lib/calibrationLocalStorage.ts`","yes","yes","no","P0","Phase 3","BLE; pump threshold API; calibration storage","需要覆盖合法/非法/缺字段/0xFF legacy payload。"
"Pump session","route `/pump`; `src/pages/PumpSession.tsx`; `src/pages/pumpSession/*`; Android `PumpSession*`","yes","yes","no","P0","Phase 3","BLE; foreground service; notification; overlay; background upload","最高风险模块，先迁移状态机和 native service 边界。"
"Pump foreground service notification","`src/lib/pumpSessionNotification.ts`; Android `PumpSessionNotificationPlugin`; `PumpSessionForegroundService`","yes","yes","no","P0","Phase 3","POST_NOTIFICATIONS; FGS types; route intent","通知点击恢复和只消费一次是准入项。"
"Pump overlay","`src/lib/pumpSessionOverlay.ts`; Android `PumpSessionOverlayPlugin`; `PumpSessionOverlayService`","tbd","tbd","tbd","P1","Phase 3/6","SYSTEM_ALERT_WINDOW; product decision","需要决定保留 native overlay 还是降级为通知样式。"
"Pump agent background upload","`src/lib/pumpAgentUpload.ts`; Android `PumpAgentUploadPlugin`; `PumpAgentBackgroundRunner`","yes","yes","no","P0","Phase 3","native snapshot; HTTP upload; dedupe key","summary、milk record、Agent context 必须只上传一次。"
"Records","route `/records`; `src/pages/Records.tsx`; `src/lib/momPumpTwinAgentApi.ts`","yes","yes","no","P1","Phase 5","pump-milk APIs; volume unit","覆盖列表、图表、手动补录、编辑、删除、mL/oz。"
"Schedule","route `/schedule`; `src/pages/Schedule.tsx`; `src/lib/planNotification.ts`","yes","yes","no","P1","Phase 5","plan APIs; notification preference; exact alarm","覆盖日期切换、任务 CRUD、提醒开关、通知 badge。"
"Status","route `/status`; `src/pages/Status.tsx`; `src/pages/status/*`","yes","yes","no","P1","Phase 5","mom-baby; growth; pregnancy diary; plan todo","覆盖孕期/哺乳期、妈妈/宝宝 tab、成长记录、孕期日记。"
"Media viewer","route `/media-viewer`; `src/pages/MediaViewer.tsx`; `src/components/media/*`; `src/lib/openMediaViewer.ts`","yes","yes","no","P1","Phase 6","PDF/image/video libraries; cache policy","作为共享 media capability 迁移。"
"IBCLC chat","route `/ibclc-chat.html`; `src/pages/IbclcChat.tsx`; `src/lib/ibclcConsult.ts`","tbd","tbd","tbd","P1","Phase 6","vendor/H5/native decision; return intent","需要决定继续 H5 容器还是 Flutter native flow。"
"Hospital bag cart","route `/hospital-bag-cart`; `src/pages/HospitalBagCart.tsx`; `/api/hospital-bag/cart-update`","tbd","tbd","tbd","P2","Phase 6","product decision; cart API","核心流程之后迁移或删除。"
"Community","route `/community`; `src/pages/Community.tsx`","tbd","tbd","tbd","P2","Phase 6","product decision","低风险，建议后期处理。"
"W1 promo","route `/w1`; `src/pages/W1Promo.tsx`","tbd","tbd","tbd","P2","Phase 6","product decision","营销/活动页，建议后期处理。"
"Background notify onboarding","`src/components/system/BackgroundNotifyOnboardingGate.tsx`; Android `BackgroundNotifyPlugin`","yes","yes","no","P1","Phase 3/5","notification; exact alarm; battery optimization","需要 Android 版本权限矩阵。"
"Device reminder WebSocket","`src/lib/deviceReminderWebSocket.ts`; Android `DeviceReminderWebSocket*`","tbd","tbd","tbd","P1","Phase 3/5","native service or push fallback","移动后台不建议长期依赖 Dart 层 WebSocket。"
